patient,gene,rpkm,integration
HTMCP-03-06-02001,ARFGAP3,19.5059,wt
HTMCP-03-06-02002,ARFGAP3,15.5748,integrated
HTMCP-03-06-02003,ARFGAP3,21.6183,wt
HTMCP-03-06-02006,ARFGAP3,17.1843,wt
HTMCP-03-06-02008,ARFGAP3,26.5971,wt
HTMCP-03-06-02012,ARFGAP3,13.2131,wt
HTMCP-03-06-02013,ARFGAP3,14.0877,wt
HTMCP-03-06-02020,ARFGAP3,12.8769,wt
HTMCP-03-06-02036,ARFGAP3,22.2785,wt
HTMCP-03-06-02037,ARFGAP3,24.7854,wt
HTMCP-03-06-02040,ARFGAP3,12.104,wt
HTMCP-03-06-02042,ARFGAP3,19.7328,wt
HTMCP-03-06-02046,ARFGAP3,17.7452,wt
HTMCP-03-06-02047,ARFGAP3,21.6641,wt
HTMCP-03-06-02054,ARFGAP3,16.1032,wt
HTMCP-03-06-02057,ARFGAP3,19.2488,wt
HTMCP-03-06-02058,ARFGAP3,36.0462,wt
HTMCP-03-06-02063,ARFGAP3,18.4969,wt
HTMCP-03-06-02068,ARFGAP3,19.8834,wt
HTMCP-03-06-02070,ARFGAP3,24.0088,wt
HTMCP-03-06-02071,ARFGAP3,15.1194,wt
HTMCP-03-06-02074,ARFGAP3,31.7231,wt
HTMCP-03-06-02075,ARFGAP3,20.8297,wt
HTMCP-03-06-02076,ARFGAP3,22.0327,wt
HTMCP-03-06-02089,ARFGAP3,10.1283,wt
HTMCP-03-06-02092,ARFGAP3,19.6615,wt
HTMCP-03-06-02097,ARFGAP3,18.379,wt
HTMCP-03-06-02098,ARFGAP3,15.4283,wt
HTMCP-03-06-02099,ARFGAP3,18.7252,wt
HTMCP-03-06-02103,ARFGAP3,17.9091,wt
HTMCP-03-06-02108,ARFGAP3,17.6029,wt
HTMCP-03-06-02109,ARFGAP3,35.2331,wt
HTMCP-03-06-02110,ARFGAP3,16.4704,wt
HTMCP-03-06-02113,ARFGAP3,16.3221,wt
HTMCP-03-06-02120,ARFGAP3,21.6024,wt
HTMCP-03-06-02125,ARFGAP3,15.5069,wt
HTMCP-03-06-02128,ARFGAP3,32.6614,wt
HTMCP-03-06-02139,ARFGAP3,27.8638,wt
HTMCP-03-06-02144,ARFGAP3,15.9682,wt
HTMCP-03-06-02145,ARFGAP3,30.805,wt
HTMCP-03-06-02147,ARFGAP3,15.3308,wt
HTMCP-03-06-02148,ARFGAP3,15.3727,wt
HTMCP-03-06-02149,ARFGAP3,14.7439,wt
HTMCP-03-06-02150,ARFGAP3,28.3816,wt
HTMCP-03-06-02151,ARFGAP3,14.0054,wt
HTMCP-03-06-02152,ARFGAP3,22.3675,wt
HTMCP-03-06-02155,ARFGAP3,14.0913,wt
HTMCP-03-06-02156,ARFGAP3,32.3362,wt
HTMCP-03-06-02170,ARFGAP3,11.1739,wt
HTMCP-03-06-02174,ARFGAP3,16.605999999999998,wt
HTMCP-03-06-02175,ARFGAP3,21.3193,wt
HTMCP-03-06-02176,ARFGAP3,10.9654,wt
HTMCP-03-06-02179,ARFGAP3,16.6646,wt
HTMCP-03-06-02180,ARFGAP3,17.1306,wt
HTMCP-03-06-02182,ARFGAP3,19.4373,wt
HTMCP-03-06-02185,ARFGAP3,12.6469,wt
HTMCP-03-06-02194,ARFGAP3,14.6714,wt
HTMCP-03-06-02195,ARFGAP3,5.3931,wt
HTMCP-03-06-02196,ARFGAP3,14.4291,wt
HTMCP-03-06-02197,ARFGAP3,12.5065,wt
HTMCP-03-06-02202,ARFGAP3,12.6512,wt
HTMCP-03-06-02203,ARFGAP3,31.3506,wt
HTMCP-03-06-02204,ARFGAP3,16.7737,wt
HTMCP-03-06-02205,ARFGAP3,3.4074,wt
HTMCP-03-06-02209,ARFGAP3,11.6414,wt
HTMCP-03-06-02210,ARFGAP3,9.3893,wt
HTMCP-03-06-02213,ARFGAP3,15.403,wt
HTMCP-03-06-02214,ARFGAP3,16.7467,wt
HTMCP-03-06-02215,ARFGAP3,18.6571,wt
HTMCP-03-06-02216,ARFGAP3,27.8168,wt
HTMCP-03-06-02217,ARFGAP3,40.4361,wt
HTMCP-03-06-02219,ARFGAP3,17.61,wt
HTMCP-03-06-02222,ARFGAP3,24.308000000000003,wt
HTMCP-03-06-02225,ARFGAP3,18.683,wt
HTMCP-03-06-02230,ARFGAP3,12.5934,wt
HTMCP-03-06-02235,ARFGAP3,19.8975,wt
HTMCP-03-06-02238,ARFGAP3,11.5772,wt
HTMCP-03-06-02239,ARFGAP3,21.3061,wt
HTMCP-03-06-02240,ARFGAP3,26.859,wt
HTMCP-03-06-02242,ARFGAP3,13.7047,wt
HTMCP-03-06-02256,ARFGAP3,18.0855,wt
HTMCP-03-06-02259,ARFGAP3,10.0958,wt
HTMCP-03-06-02260,ARFGAP3,12.914,wt
HTMCP-03-06-02261,ARFGAP3,15.4547,wt
HTMCP-03-06-02262,ARFGAP3,24.2848,wt
HTMCP-03-06-02264,ARFGAP3,12.7857,wt
HTMCP-03-06-02266,ARFGAP3,15.1587,wt
HTMCP-03-06-02267,ARFGAP3,18.3178,wt
HTMCP-03-06-02268,ARFGAP3,12.1402,wt
HTMCP-03-06-02320,ARFGAP3,14.7435,wt
HTMCP-03-06-02322,ARFGAP3,19.6877,wt
HTMCP-03-06-02326,ARFGAP3,16.1631,wt
HTMCP-03-06-02328,ARFGAP3,17.1913,wt
HTMCP-03-06-02330,ARFGAP3,21.5425,wt
HTMCP-03-06-02332,ARFGAP3,18.5949,wt
HTMCP-03-06-02333,ARFGAP3,17.9155,wt
HTMCP-03-06-02335,ARFGAP3,14.4259,wt
HTMCP-03-06-02340,ARFGAP3,18.486,wt
HTMCP-03-06-02341,ARFGAP3,27.3494,wt
HTMCP-03-06-02344,ARFGAP3,24.6971,wt
HTMCP-03-06-02346,ARFGAP3,14.5506,wt
HTMCP-03-06-02354,ARFGAP3,13.8278,wt
HTMCP-03-06-02377,ARFGAP3,13.5218,wt
HTMCP-03-06-02392,ARFGAP3,19.197,wt
HTMCP-03-06-02393,ARFGAP3,7.9084,wt
HTMCP-03-06-02396,ARFGAP3,18.3014,wt
HTMCP-03-06-02411,ARFGAP3,17.8962,wt
HTMCP-03-06-02414,ARFGAP3,15.9041,wt
HTMCP-03-06-02417,ARFGAP3,22.0913,wt
HTMCP-03-06-02424,ARFGAP3,8.3433,wt
HTMCP-03-06-02427,ARFGAP3,9.3243,wt
HTMCP-03-06-02428,ARFGAP3,13.4054,wt
HTMCP-03-06-02434,ARFGAP3,14.6142,wt
HTMCP-03-06-02435,ARFGAP3,20.4705,wt
HTMCP-03-06-02437,ARFGAP3,14.5659,wt
HTMCP-03-06-02441,ARFGAP3,26.124,wt
HTMCP-03-06-02442,ARFGAP3,30.1819,wt
HTMCP-03-06-02447,ARFGAP3,17.8885,wt
HTMCP-03-06-02001,KLF12,1.2406,wt
HTMCP-03-06-02002,KLF12,0.3155,wt
HTMCP-03-06-02003,KLF12,1.1211,wt
HTMCP-03-06-02006,KLF12,2.0507,wt
HTMCP-03-06-02008,KLF12,4.4694,wt
HTMCP-03-06-02012,KLF12,0.8428,wt
HTMCP-03-06-02013,KLF12,2.1703,wt
HTMCP-03-06-02020,KLF12,1.2186,wt
HTMCP-03-06-02036,KLF12,1.1959,wt
HTMCP-03-06-02037,KLF12,2.1777,wt
HTMCP-03-06-02040,KLF12,3.5184,integrated
HTMCP-03-06-02042,KLF12,1.6944,wt
HTMCP-03-06-02046,KLF12,2.033,wt
HTMCP-03-06-02047,KLF12,165.9154,integrated
HTMCP-03-06-02054,KLF12,1.7648,wt
HTMCP-03-06-02057,KLF12,0.5788,wt
HTMCP-03-06-02058,KLF12,1.5511,wt
HTMCP-03-06-02063,KLF12,1.3959,wt
HTMCP-03-06-02068,KLF12,0.4591,wt
HTMCP-03-06-02070,KLF12,1.7436,wt
HTMCP-03-06-02071,KLF12,1.9656,wt
HTMCP-03-06-02074,KLF12,1.5019999999999998,wt
HTMCP-03-06-02075,KLF12,0.3714,wt
HTMCP-03-06-02076,KLF12,0.1986,wt
HTMCP-03-06-02089,KLF12,0.2344,wt
HTMCP-03-06-02092,KLF12,2.7071,wt
HTMCP-03-06-02097,KLF12,2.4676,wt
HTMCP-03-06-02098,KLF12,1.9251,wt
HTMCP-03-06-02099,KLF12,2.9047,wt
HTMCP-03-06-02103,KLF12,2.0877,wt
HTMCP-03-06-02108,KLF12,1.4955,wt
HTMCP-03-06-02109,KLF12,3.3233,wt
HTMCP-03-06-02110,KLF12,2.176,wt
HTMCP-03-06-02113,KLF12,1.923,wt
HTMCP-03-06-02120,KLF12,1.0323,wt
HTMCP-03-06-02125,KLF12,0.5202,wt
HTMCP-03-06-02128,KLF12,0.7728,wt
HTMCP-03-06-02139,KLF12,1.1201,wt
HTMCP-03-06-02144,KLF12,0.3067,wt
HTMCP-03-06-02145,KLF12,0.8876,wt
HTMCP-03-06-02147,KLF12,0.6692,wt
HTMCP-03-06-02148,KLF12,0.5113,wt
HTMCP-03-06-02149,KLF12,0.6861,wt
HTMCP-03-06-02150,KLF12,1.7021,wt
HTMCP-03-06-02151,KLF12,0.767,wt
HTMCP-03-06-02152,KLF12,3.1216,wt
HTMCP-03-06-02155,KLF12,2.4847,wt
HTMCP-03-06-02156,KLF12,1.3275,wt
HTMCP-03-06-02170,KLF12,0.8314,wt
HTMCP-03-06-02174,KLF12,1.0005,wt
HTMCP-03-06-02175,KLF12,3.4495,wt
HTMCP-03-06-02176,KLF12,0.5309,wt
HTMCP-03-06-02179,KLF12,4.8323,wt
HTMCP-03-06-02180,KLF12,2.4753,wt
HTMCP-03-06-02182,KLF12,4.4821,wt
HTMCP-03-06-02185,KLF12,1.6636,wt
HTMCP-03-06-02194,KLF12,1.5071,wt
HTMCP-03-06-02195,KLF12,0.5251,wt
HTMCP-03-06-02196,KLF12,0.5566,wt
HTMCP-03-06-02197,KLF12,0.9813,wt
HTMCP-03-06-02202,KLF12,0.9144,wt
HTMCP-03-06-02203,KLF12,0.8064,wt
HTMCP-03-06-02204,KLF12,2.6414,wt
HTMCP-03-06-02205,KLF12,0.106,wt
HTMCP-03-06-02209,KLF12,0.5579999999999999,wt
HTMCP-03-06-02210,KLF12,0.6269,wt
HTMCP-03-06-02213,KLF12,1.5325,wt
HTMCP-03-06-02214,KLF12,0.3203,wt
HTMCP-03-06-02215,KLF12,1.4822,wt
HTMCP-03-06-02216,KLF12,1.4467,wt
HTMCP-03-06-02217,KLF12,1.8385,wt
HTMCP-03-06-02219,KLF12,1.4648,wt
HTMCP-03-06-02222,KLF12,0.7854,wt
HTMCP-03-06-02225,KLF12,0.8220000000000001,wt
HTMCP-03-06-02230,KLF12,3.0805,wt
HTMCP-03-06-02235,KLF12,2.8781,wt
HTMCP-03-06-02238,KLF12,0.9344,wt
HTMCP-03-06-02239,KLF12,0.9452,wt
HTMCP-03-06-02240,KLF12,2.7246,wt
HTMCP-03-06-02242,KLF12,1.5378,wt
HTMCP-03-06-02256,KLF12,0.4794,wt
HTMCP-03-06-02259,KLF12,1.0475,wt
HTMCP-03-06-02260,KLF12,0.4252,wt
HTMCP-03-06-02261,KLF12,1.2243,wt
HTMCP-03-06-02262,KLF12,1.5131,wt
HTMCP-03-06-02264,KLF12,0.182,wt
HTMCP-03-06-02266,KLF12,2.9455,wt
HTMCP-03-06-02267,KLF12,1.9705,wt
HTMCP-03-06-02268,KLF12,0.8,wt
HTMCP-03-06-02320,KLF12,0.7735,wt
HTMCP-03-06-02322,KLF12,1.3541,wt
HTMCP-03-06-02326,KLF12,1.1455,wt
HTMCP-03-06-02328,KLF12,0.5834,wt
HTMCP-03-06-02330,KLF12,0.4349,wt
HTMCP-03-06-02332,KLF12,2.7507,wt
HTMCP-03-06-02333,KLF12,0.3773,wt
HTMCP-03-06-02335,KLF12,1.2036,wt
HTMCP-03-06-02340,KLF12,1.0537,wt
HTMCP-03-06-02341,KLF12,2.0052,wt
HTMCP-03-06-02344,KLF12,2.18,wt
HTMCP-03-06-02346,KLF12,2.7336,wt
HTMCP-03-06-02354,KLF12,0.588,wt
HTMCP-03-06-02377,KLF12,0.8385,wt
HTMCP-03-06-02392,KLF12,1.2377,wt
HTMCP-03-06-02393,KLF12,0.4615,wt
HTMCP-03-06-02396,KLF12,0.76,wt
HTMCP-03-06-02411,KLF12,1.5443,wt
HTMCP-03-06-02414,KLF12,3.4199,wt
HTMCP-03-06-02417,KLF12,1.3124,wt
HTMCP-03-06-02424,KLF12,0.8462,wt
HTMCP-03-06-02427,KLF12,0.0539,wt
HTMCP-03-06-02428,KLF12,1.8554,wt
HTMCP-03-06-02434,KLF12,0.8487,wt
HTMCP-03-06-02435,KLF12,0.5909,wt
HTMCP-03-06-02437,KLF12,1.4761,wt
HTMCP-03-06-02441,KLF12,4.5691,wt
HTMCP-03-06-02442,KLF12,0.4326,wt
HTMCP-03-06-02447,KLF12,1.0611,wt
HTMCP-03-06-02001,LRP1B,0.0591,wt
HTMCP-03-06-02002,LRP1B,0.0177,wt
HTMCP-03-06-02003,LRP1B,0.0042,wt
HTMCP-03-06-02006,LRP1B,0.0274,wt
HTMCP-03-06-02008,LRP1B,0.0,wt
HTMCP-03-06-02012,LRP1B,0.0125,wt
HTMCP-03-06-02013,LRP1B,0.0012,wt
HTMCP-03-06-02020,LRP1B,0.0042,wt
HTMCP-03-06-02036,LRP1B,0.0065,wt
HTMCP-03-06-02037,LRP1B,0.0584,wt
HTMCP-03-06-02040,LRP1B,0.0078,wt
HTMCP-03-06-02042,LRP1B,0.0106,wt
HTMCP-03-06-02046,LRP1B,0.0041,wt
HTMCP-03-06-02047,LRP1B,0.0064,wt
HTMCP-03-06-02054,LRP1B,0.0003,wt
HTMCP-03-06-02057,LRP1B,0.0109,wt
HTMCP-03-06-02058,LRP1B,0.0,wt
HTMCP-03-06-02063,LRP1B,0.1962,integrated
HTMCP-03-06-02068,LRP1B,0.0,wt
HTMCP-03-06-02070,LRP1B,0.0826,wt
HTMCP-03-06-02071,LRP1B,0.0035,wt
HTMCP-03-06-02074,LRP1B,0.0072,wt
HTMCP-03-06-02075,LRP1B,0.0018,wt
HTMCP-03-06-02076,LRP1B,0.0011,wt
HTMCP-03-06-02089,LRP1B,0.0,wt
HTMCP-03-06-02092,LRP1B,0.0081,wt
HTMCP-03-06-02097,LRP1B,0.0332,wt
HTMCP-03-06-02098,LRP1B,0.3299,wt
HTMCP-03-06-02099,LRP1B,0.0451,wt
HTMCP-03-06-02103,LRP1B,0.1403,wt
HTMCP-03-06-02108,LRP1B,0.001,wt
HTMCP-03-06-02109,LRP1B,0.0025,wt
HTMCP-03-06-02110,LRP1B,0.0325,wt
HTMCP-03-06-02113,LRP1B,0.0082,wt
HTMCP-03-06-02120,LRP1B,0.0,wt
HTMCP-03-06-02125,LRP1B,0.0011,wt
HTMCP-03-06-02128,LRP1B,0.0005,wt
HTMCP-03-06-02139,LRP1B,0.0021,wt
HTMCP-03-06-02144,LRP1B,0.0,wt
HTMCP-03-06-02145,LRP1B,0.0,wt
HTMCP-03-06-02147,LRP1B,0.0017,wt
HTMCP-03-06-02148,LRP1B,0.0536,wt
HTMCP-03-06-02149,LRP1B,0.0009,wt
HTMCP-03-06-02150,LRP1B,0.0024,wt
HTMCP-03-06-02151,LRP1B,0.1105,wt
HTMCP-03-06-02152,LRP1B,0.0125,wt
HTMCP-03-06-02155,LRP1B,0.0013,wt
HTMCP-03-06-02156,LRP1B,0.0007,wt
HTMCP-03-06-02170,LRP1B,0.0307,wt
HTMCP-03-06-02174,LRP1B,0.0,wt
HTMCP-03-06-02175,LRP1B,0.0,wt
HTMCP-03-06-02176,LRP1B,0.0077,wt
HTMCP-03-06-02179,LRP1B,0.0086,wt
HTMCP-03-06-02180,LRP1B,0.2247,wt
HTMCP-03-06-02182,LRP1B,0.1168,wt
HTMCP-03-06-02185,LRP1B,0.0026,wt
HTMCP-03-06-02194,LRP1B,0.0,wt
HTMCP-03-06-02195,LRP1B,0.0048,wt
HTMCP-03-06-02196,LRP1B,0.0,wt
HTMCP-03-06-02197,LRP1B,0.0026,wt
HTMCP-03-06-02202,LRP1B,0.0035,wt
HTMCP-03-06-02203,LRP1B,0.0007,wt
HTMCP-03-06-02204,LRP1B,0.0047,wt
HTMCP-03-06-02205,LRP1B,0.0023,wt
HTMCP-03-06-02209,LRP1B,0.0,wt
HTMCP-03-06-02210,LRP1B,0.0041,wt
HTMCP-03-06-02213,LRP1B,0.0291,wt
HTMCP-03-06-02214,LRP1B,0.001,wt
HTMCP-03-06-02215,LRP1B,0.0008,wt
HTMCP-03-06-02216,LRP1B,0.0,wt
HTMCP-03-06-02217,LRP1B,0.0134,wt
HTMCP-03-06-02219,LRP1B,0.0021,wt
HTMCP-03-06-02222,LRP1B,0.0012,wt
HTMCP-03-06-02225,LRP1B,0.0613,wt
HTMCP-03-06-02230,LRP1B,0.0088,wt
HTMCP-03-06-02235,LRP1B,0.0,wt
HTMCP-03-06-02238,LRP1B,0.0731,wt
HTMCP-03-06-02239,LRP1B,0.035,wt
HTMCP-03-06-02240,LRP1B,0.0236,wt
HTMCP-03-06-02242,LRP1B,0.0089,wt
HTMCP-03-06-02256,LRP1B,0.0114,wt
HTMCP-03-06-02259,LRP1B,0.0,wt
HTMCP-03-06-02260,LRP1B,0.0058,wt
HTMCP-03-06-02261,LRP1B,0.0088,wt
HTMCP-03-06-02262,LRP1B,0.0178,wt
HTMCP-03-06-02264,LRP1B,0.0,wt
HTMCP-03-06-02266,LRP1B,0.0427,wt
HTMCP-03-06-02267,LRP1B,0.0018,wt
HTMCP-03-06-02268,LRP1B,0.006,wt
HTMCP-03-06-02320,LRP1B,0.0021,wt
HTMCP-03-06-02322,LRP1B,0.0,wt
HTMCP-03-06-02326,LRP1B,0.0,wt
HTMCP-03-06-02328,LRP1B,0.001,wt
HTMCP-03-06-02330,LRP1B,0.0028,wt
HTMCP-03-06-02332,LRP1B,0.3295,wt
HTMCP-03-06-02333,LRP1B,0.0123,wt
HTMCP-03-06-02335,LRP1B,0.0244,wt
HTMCP-03-06-02340,LRP1B,0.0009,wt
HTMCP-03-06-02341,LRP1B,0.0131,wt
HTMCP-03-06-02344,LRP1B,0.0061,wt
HTMCP-03-06-02346,LRP1B,0.0187,wt
HTMCP-03-06-02354,LRP1B,0.0163,wt
HTMCP-03-06-02377,LRP1B,0.0009,wt
HTMCP-03-06-02392,LRP1B,0.0,wt
HTMCP-03-06-02393,LRP1B,0.0,wt
HTMCP-03-06-02396,LRP1B,0.0062,wt
HTMCP-03-06-02411,LRP1B,0.009000000000000001,wt
HTMCP-03-06-02414,LRP1B,0.0,wt
HTMCP-03-06-02417,LRP1B,0.1847,wt
HTMCP-03-06-02424,LRP1B,0.0111,wt
HTMCP-03-06-02427,LRP1B,0.0032,wt
HTMCP-03-06-02428,LRP1B,0.0095,wt
HTMCP-03-06-02434,LRP1B,0.0263,wt
HTMCP-03-06-02435,LRP1B,0.0,wt
HTMCP-03-06-02437,LRP1B,0.0026,wt
HTMCP-03-06-02441,LRP1B,0.003,wt
HTMCP-03-06-02442,LRP1B,0.003,wt
HTMCP-03-06-02447,LRP1B,0.0,wt
HTMCP-03-06-02001,MYC,44.4223,wt
HTMCP-03-06-02002,MYC,47.1335,wt
HTMCP-03-06-02003,MYC,80.766,wt
HTMCP-03-06-02006,MYC,25.2229,wt
HTMCP-03-06-02008,MYC,61.402,wt
HTMCP-03-06-02012,MYC,46.7803,wt
HTMCP-03-06-02013,MYC,70.4637,wt
HTMCP-03-06-02020,MYC,83.4918,wt
HTMCP-03-06-02036,MYC,47.8707,wt
HTMCP-03-06-02037,MYC,60.8798,wt
HTMCP-03-06-02040,MYC,59.6889,wt
HTMCP-03-06-02042,MYC,54.6406,wt
HTMCP-03-06-02046,MYC,21.4314,wt
HTMCP-03-06-02047,MYC,18.2467,wt
HTMCP-03-06-02054,MYC,81.2491,wt
HTMCP-03-06-02057,MYC,46.2847,wt
HTMCP-03-06-02058,MYC,64.2076,integrated
HTMCP-03-06-02063,MYC,21.065,wt
HTMCP-03-06-02068,MYC,20.9111,wt
HTMCP-03-06-02070,MYC,36.4102,wt
HTMCP-03-06-02071,MYC,99.988,wt
HTMCP-03-06-02074,MYC,30.0456,wt
HTMCP-03-06-02075,MYC,2.2565,wt
HTMCP-03-06-02076,MYC,58.6825,wt
HTMCP-03-06-02089,MYC,54.6016,wt
HTMCP-03-06-02092,MYC,22.7976,wt
HTMCP-03-06-02097,MYC,85.1239,wt
HTMCP-03-06-02098,MYC,55.4429,wt
HTMCP-03-06-02099,MYC,42.6026,wt
HTMCP-03-06-02103,MYC,55.2636,wt
HTMCP-03-06-02108,MYC,111.6664,wt
HTMCP-03-06-02109,MYC,64.1355,wt
HTMCP-03-06-02110,MYC,105.0579,integrated
HTMCP-03-06-02113,MYC,14.3185,wt
HTMCP-03-06-02120,MYC,36.0927,wt
HTMCP-03-06-02125,MYC,116.05,wt
HTMCP-03-06-02128,MYC,81.5787,wt
HTMCP-03-06-02139,MYC,5.6918,wt
HTMCP-03-06-02144,MYC,80.2916,wt
HTMCP-03-06-02145,MYC,36.8536,wt
HTMCP-03-06-02147,MYC,48.5411,wt
HTMCP-03-06-02148,MYC,29.2598,wt
HTMCP-03-06-02149,MYC,125.753,integrated
HTMCP-03-06-02150,MYC,1.7669,wt
HTMCP-03-06-02151,MYC,29.785,wt
HTMCP-03-06-02152,MYC,27.9559,wt
HTMCP-03-06-02155,MYC,58.4993,wt
HTMCP-03-06-02156,MYC,34.3671,wt
HTMCP-03-06-02170,MYC,83.4261,wt
HTMCP-03-06-02174,MYC,70.3186,wt
HTMCP-03-06-02175,MYC,37.2017,wt
HTMCP-03-06-02176,MYC,66.1345,wt
HTMCP-03-06-02179,MYC,28.3869,wt
HTMCP-03-06-02180,MYC,109.1748,wt
HTMCP-03-06-02182,MYC,14.0036,wt
HTMCP-03-06-02185,MYC,55.3963,wt
HTMCP-03-06-02194,MYC,92.2698,wt
HTMCP-03-06-02195,MYC,61.4618,wt
HTMCP-03-06-02196,MYC,94.3913,wt
HTMCP-03-06-02197,MYC,132.989,wt
HTMCP-03-06-02202,MYC,56.3509,wt
HTMCP-03-06-02203,MYC,1.682,wt
HTMCP-03-06-02204,MYC,17.69,wt
HTMCP-03-06-02205,MYC,36.8903,wt
HTMCP-03-06-02209,MYC,29.9278,wt
HTMCP-03-06-02210,MYC,29.9808,wt
HTMCP-03-06-02213,MYC,54.7158,wt
HTMCP-03-06-02214,MYC,18.9972,wt
HTMCP-03-06-02215,MYC,35.9064,wt
HTMCP-03-06-02216,MYC,89.705,wt
HTMCP-03-06-02217,MYC,63.0926,wt
HTMCP-03-06-02219,MYC,14.4413,wt
HTMCP-03-06-02222,MYC,21.1442,wt
HTMCP-03-06-02225,MYC,22.4222,wt
HTMCP-03-06-02230,MYC,42.2796,wt
HTMCP-03-06-02235,MYC,4.9673,wt
HTMCP-03-06-02238,MYC,27.4793,wt
HTMCP-03-06-02239,MYC,57.2239,wt
HTMCP-03-06-02240,MYC,70.8113,wt
HTMCP-03-06-02242,MYC,74.1078,wt
HTMCP-03-06-02256,MYC,49.0658,wt
HTMCP-03-06-02259,MYC,113.9352,wt
HTMCP-03-06-02260,MYC,39.8292,wt
HTMCP-03-06-02261,MYC,80.1003,wt
HTMCP-03-06-02262,MYC,50.9809,wt
HTMCP-03-06-02264,MYC,107.8754,wt
HTMCP-03-06-02266,MYC,38.76300000000001,wt
HTMCP-03-06-02267,MYC,160.5809,integrated
HTMCP-03-06-02268,MYC,53.2214,wt
HTMCP-03-06-02320,MYC,60.0899,wt
HTMCP-03-06-02322,MYC,37.9248,integrated
HTMCP-03-06-02326,MYC,12.2405,wt
HTMCP-03-06-02328,MYC,22.6446,wt
HTMCP-03-06-02330,MYC,91.481,wt
HTMCP-03-06-02332,MYC,55.2053,wt
HTMCP-03-06-02333,MYC,26.9003,wt
HTMCP-03-06-02335,MYC,26.594,wt
HTMCP-03-06-02340,MYC,52.5018,wt
HTMCP-03-06-02341,MYC,8.8408,wt
HTMCP-03-06-02344,MYC,45.2681,wt
HTMCP-03-06-02346,MYC,45.121,wt
HTMCP-03-06-02354,MYC,118.1305,wt
HTMCP-03-06-02377,MYC,87.6108,wt
HTMCP-03-06-02392,MYC,28.6501,wt
HTMCP-03-06-02393,MYC,84.37200000000001,wt
HTMCP-03-06-02396,MYC,1.962,wt
HTMCP-03-06-02411,MYC,187.279,wt
HTMCP-03-06-02414,MYC,14.9728,wt
HTMCP-03-06-02417,MYC,33.2341,wt
HTMCP-03-06-02424,MYC,44.7186,wt
HTMCP-03-06-02427,MYC,56.4884,wt
HTMCP-03-06-02428,MYC,69.4016,wt
HTMCP-03-06-02434,MYC,96.296,wt
HTMCP-03-06-02435,MYC,85.0967,wt
HTMCP-03-06-02437,MYC,40.5085,wt
HTMCP-03-06-02441,MYC,40.3458,wt
HTMCP-03-06-02442,MYC,19.1921,wt
HTMCP-03-06-02447,MYC,38.1877,wt
HTMCP-03-06-02001,NEGR1,0.151,wt
HTMCP-03-06-02002,NEGR1,0.0664,wt
HTMCP-03-06-02003,NEGR1,0.4958,wt
HTMCP-03-06-02006,NEGR1,0.5199,wt
HTMCP-03-06-02008,NEGR1,0.9301,wt
HTMCP-03-06-02012,NEGR1,0.7337,wt
HTMCP-03-06-02013,NEGR1,0.1497,wt
HTMCP-03-06-02020,NEGR1,0.7084,wt
HTMCP-03-06-02036,NEGR1,0.2194,wt
HTMCP-03-06-02037,NEGR1,0.0667,wt
HTMCP-03-06-02040,NEGR1,0.3146,wt
HTMCP-03-06-02042,NEGR1,0.2325,wt
HTMCP-03-06-02046,NEGR1,0.8254,wt
HTMCP-03-06-02047,NEGR1,0.2253,wt
HTMCP-03-06-02054,NEGR1,0.2024,wt
HTMCP-03-06-02057,NEGR1,0.0205,wt
HTMCP-03-06-02058,NEGR1,0.0599,wt
HTMCP-03-06-02063,NEGR1,0.3643,wt
HTMCP-03-06-02068,NEGR1,0.247,wt
HTMCP-03-06-02070,NEGR1,0.3357,wt
HTMCP-03-06-02071,NEGR1,0.1812,wt
HTMCP-03-06-02074,NEGR1,0.2411,wt
HTMCP-03-06-02075,NEGR1,0.7266,wt
HTMCP-03-06-02076,NEGR1,0.0484,wt
HTMCP-03-06-02089,NEGR1,0.106,wt
HTMCP-03-06-02092,NEGR1,0.821,wt
HTMCP-03-06-02097,NEGR1,1.0142,wt
HTMCP-03-06-02098,NEGR1,0.1829,wt
HTMCP-03-06-02099,NEGR1,1.3292,wt
HTMCP-03-06-02103,NEGR1,1.1397,wt
HTMCP-03-06-02108,NEGR1,0.1833,wt
HTMCP-03-06-02109,NEGR1,0.9781,wt
HTMCP-03-06-02110,NEGR1,0.3662,wt
HTMCP-03-06-02113,NEGR1,1.0609,wt
HTMCP-03-06-02120,NEGR1,0.1124,wt
HTMCP-03-06-02125,NEGR1,0.0469,wt
HTMCP-03-06-02128,NEGR1,0.2122,wt
HTMCP-03-06-02139,NEGR1,0.1976,wt
HTMCP-03-06-02144,NEGR1,0.0472,wt
HTMCP-03-06-02145,NEGR1,0.1073,wt
HTMCP-03-06-02147,NEGR1,0.0257,wt
HTMCP-03-06-02148,NEGR1,0.0025,wt
HTMCP-03-06-02149,NEGR1,0.6459,wt
HTMCP-03-06-02150,NEGR1,0.1529,wt
HTMCP-03-06-02151,NEGR1,0.2346,wt
HTMCP-03-06-02152,NEGR1,1.8567,wt
HTMCP-03-06-02155,NEGR1,0.6949,wt
HTMCP-03-06-02156,NEGR1,0.365,wt
HTMCP-03-06-02170,NEGR1,0.436,wt
HTMCP-03-06-02174,NEGR1,0.2041,wt
HTMCP-03-06-02175,NEGR1,0.7097,wt
HTMCP-03-06-02176,NEGR1,0.1189,wt
HTMCP-03-06-02179,NEGR1,1.1758,wt
HTMCP-03-06-02180,NEGR1,0.1814,wt
HTMCP-03-06-02182,NEGR1,0.2361,wt
HTMCP-03-06-02185,NEGR1,11.8954,wt
HTMCP-03-06-02194,NEGR1,0.1591,wt
HTMCP-03-06-02195,NEGR1,0.1214,wt
HTMCP-03-06-02196,NEGR1,0.17,wt
HTMCP-03-06-02197,NEGR1,0.2707,wt
HTMCP-03-06-02202,NEGR1,0.1425,wt
HTMCP-03-06-02203,NEGR1,1.3418,wt
HTMCP-03-06-02204,NEGR1,2.4855,wt
HTMCP-03-06-02205,NEGR1,0.0031,wt
HTMCP-03-06-02209,NEGR1,0.0361,wt
HTMCP-03-06-02210,NEGR1,0.3277,wt
HTMCP-03-06-02213,NEGR1,0.4512,wt
HTMCP-03-06-02214,NEGR1,0.1922,wt
HTMCP-03-06-02215,NEGR1,0.4389,wt
HTMCP-03-06-02216,NEGR1,3.8504,wt
HTMCP-03-06-02217,NEGR1,0.1889,wt
HTMCP-03-06-02219,NEGR1,0.5820000000000001,wt
HTMCP-03-06-02222,NEGR1,0.1204,wt
HTMCP-03-06-02225,NEGR1,0.2222,wt
HTMCP-03-06-02230,NEGR1,0.4469,wt
HTMCP-03-06-02235,NEGR1,0.2163,wt
HTMCP-03-06-02238,NEGR1,0.5445,wt
HTMCP-03-06-02239,NEGR1,0.3497,wt
HTMCP-03-06-02240,NEGR1,0.3429,wt
HTMCP-03-06-02242,NEGR1,0.0598,wt
HTMCP-03-06-02256,NEGR1,0.1651,wt
HTMCP-03-06-02259,NEGR1,0.2251,wt
HTMCP-03-06-02260,NEGR1,0.0745,wt
HTMCP-03-06-02261,NEGR1,3.4897,wt
HTMCP-03-06-02262,NEGR1,0.1187,wt
HTMCP-03-06-02264,NEGR1,0.0333,wt
HTMCP-03-06-02266,NEGR1,0.4565,wt
HTMCP-03-06-02267,NEGR1,1.9182,wt
HTMCP-03-06-02268,NEGR1,0.5269,wt
HTMCP-03-06-02320,NEGR1,2.7985,wt
HTMCP-03-06-02322,NEGR1,2.0767,wt
HTMCP-03-06-02326,NEGR1,0.1983,wt
HTMCP-03-06-02328,NEGR1,0.3019,wt
HTMCP-03-06-02330,NEGR1,52.4485,integrated
HTMCP-03-06-02332,NEGR1,0.3673,wt
HTMCP-03-06-02333,NEGR1,0.1312,wt
HTMCP-03-06-02335,NEGR1,0.5491,wt
HTMCP-03-06-02340,NEGR1,0.7164,wt
HTMCP-03-06-02341,NEGR1,1.1361,wt
HTMCP-03-06-02344,NEGR1,0.2242,wt
HTMCP-03-06-02346,NEGR1,1.866,wt
HTMCP-03-06-02354,NEGR1,0.1131,wt
HTMCP-03-06-02377,NEGR1,2.1304,wt
HTMCP-03-06-02392,NEGR1,0.1379,wt
HTMCP-03-06-02393,NEGR1,0.0544,wt
HTMCP-03-06-02396,NEGR1,0.33,wt
HTMCP-03-06-02411,NEGR1,0.1701,wt
HTMCP-03-06-02414,NEGR1,0.0874,wt
HTMCP-03-06-02417,NEGR1,0.3148,wt
HTMCP-03-06-02424,NEGR1,0.0343,wt
HTMCP-03-06-02427,NEGR1,0.1598,wt
HTMCP-03-06-02428,NEGR1,0.3997,wt
HTMCP-03-06-02434,NEGR1,0.4448,wt
HTMCP-03-06-02435,NEGR1,0.0326,wt
HTMCP-03-06-02437,NEGR1,0.3123,wt
HTMCP-03-06-02441,NEGR1,0.214,wt
HTMCP-03-06-02442,NEGR1,0.2354,wt
HTMCP-03-06-02447,NEGR1,0.8915,wt
HTMCP-03-06-02001,NFKB1,28.2237,wt
HTMCP-03-06-02002,NFKB1,24.0621,wt
HTMCP-03-06-02003,NFKB1,17.0343,wt
HTMCP-03-06-02006,NFKB1,13.5955,wt
HTMCP-03-06-02008,NFKB1,16.2171,wt
HTMCP-03-06-02012,NFKB1,18.397,wt
HTMCP-03-06-02013,NFKB1,13.4999,wt
HTMCP-03-06-02020,NFKB1,21.2224,integrated
HTMCP-03-06-02036,NFKB1,12.218,wt
HTMCP-03-06-02037,NFKB1,19.68,wt
HTMCP-03-06-02040,NFKB1,26.2583,wt
HTMCP-03-06-02042,NFKB1,27.6675,wt
HTMCP-03-06-02046,NFKB1,29.0421,wt
HTMCP-03-06-02047,NFKB1,6.3334,wt
HTMCP-03-06-02054,NFKB1,25.6101,wt
HTMCP-03-06-02057,NFKB1,16.6729,wt
HTMCP-03-06-02058,NFKB1,19.4434,wt
HTMCP-03-06-02063,NFKB1,18.7138,wt
HTMCP-03-06-02068,NFKB1,15.2578,wt
HTMCP-03-06-02070,NFKB1,18.2283,wt
HTMCP-03-06-02071,NFKB1,26.6899,wt
HTMCP-03-06-02074,NFKB1,16.2708,wt
HTMCP-03-06-02075,NFKB1,8.6915,wt
HTMCP-03-06-02076,NFKB1,27.2334,wt
HTMCP-03-06-02089,NFKB1,24.9808,wt
HTMCP-03-06-02092,NFKB1,20.2707,wt
HTMCP-03-06-02097,NFKB1,10.2437,wt
HTMCP-03-06-02098,NFKB1,13.8193,wt
HTMCP-03-06-02099,NFKB1,13.4672,wt
HTMCP-03-06-02103,NFKB1,12.0099,wt
HTMCP-03-06-02108,NFKB1,20.1275,wt
HTMCP-03-06-02109,NFKB1,12.6562,wt
HTMCP-03-06-02110,NFKB1,8.6084,wt
HTMCP-03-06-02113,NFKB1,19.7435,wt
HTMCP-03-06-02120,NFKB1,17.319000000000006,wt
HTMCP-03-06-02125,NFKB1,15.5375,wt
HTMCP-03-06-02128,NFKB1,10.8303,wt
HTMCP-03-06-02139,NFKB1,8.4289,wt
HTMCP-03-06-02144,NFKB1,17.9198,wt
HTMCP-03-06-02145,NFKB1,21.8732,wt
HTMCP-03-06-02147,NFKB1,18.5624,wt
HTMCP-03-06-02148,NFKB1,13.7395,wt
HTMCP-03-06-02149,NFKB1,12.628,wt
HTMCP-03-06-02150,NFKB1,20.6925,wt
HTMCP-03-06-02151,NFKB1,13.4859,wt
HTMCP-03-06-02152,NFKB1,19.0282,wt
HTMCP-03-06-02155,NFKB1,19.9682,wt
HTMCP-03-06-02156,NFKB1,6.766,wt
HTMCP-03-06-02170,NFKB1,20.2401,wt
HTMCP-03-06-02174,NFKB1,13.192,wt
HTMCP-03-06-02175,NFKB1,22.4176,wt
HTMCP-03-06-02176,NFKB1,16.8085,wt
HTMCP-03-06-02179,NFKB1,8.642000000000001,wt
HTMCP-03-06-02180,NFKB1,10.5252,wt
HTMCP-03-06-02182,NFKB1,8.2937,wt
HTMCP-03-06-02185,NFKB1,20.0927,wt
HTMCP-03-06-02194,NFKB1,16.3293,wt
HTMCP-03-06-02195,NFKB1,12.8189,wt
HTMCP-03-06-02196,NFKB1,36.0301,wt
HTMCP-03-06-02197,NFKB1,25.7642,wt
HTMCP-03-06-02202,NFKB1,13.3857,wt
HTMCP-03-06-02203,NFKB1,8.6315,wt
HTMCP-03-06-02204,NFKB1,19.5873,wt
HTMCP-03-06-02205,NFKB1,9.1895,wt
HTMCP-03-06-02209,NFKB1,22.2918,wt
HTMCP-03-06-02210,NFKB1,18.2304,wt
HTMCP-03-06-02213,NFKB1,20.4657,wt
HTMCP-03-06-02214,NFKB1,19.3432,wt
HTMCP-03-06-02215,NFKB1,22.4989,wt
HTMCP-03-06-02216,NFKB1,16.8446,wt
HTMCP-03-06-02217,NFKB1,28.9681,wt
HTMCP-03-06-02219,NFKB1,13.4487,wt
HTMCP-03-06-02222,NFKB1,10.9741,wt
HTMCP-03-06-02225,NFKB1,14.0941,wt
HTMCP-03-06-02230,NFKB1,8.3429,wt
HTMCP-03-06-02235,NFKB1,8.8427,wt
HTMCP-03-06-02238,NFKB1,20.9951,wt
HTMCP-03-06-02239,NFKB1,18.8597,wt
HTMCP-03-06-02240,NFKB1,13.2245,wt
HTMCP-03-06-02242,NFKB1,14.9272,wt
HTMCP-03-06-02256,NFKB1,31.1008,wt
HTMCP-03-06-02259,NFKB1,15.5027,wt
HTMCP-03-06-02260,NFKB1,45.3536,wt
HTMCP-03-06-02261,NFKB1,12.6066,wt
HTMCP-03-06-02262,NFKB1,21.9292,wt
HTMCP-03-06-02264,NFKB1,23.2066,wt
HTMCP-03-06-02266,NFKB1,18.4981,wt
HTMCP-03-06-02267,NFKB1,15.0554,wt
HTMCP-03-06-02268,NFKB1,16.1171,wt
HTMCP-03-06-02320,NFKB1,25.3278,wt
HTMCP-03-06-02322,NFKB1,19.3624,wt
HTMCP-03-06-02326,NFKB1,16.0973,wt
HTMCP-03-06-02328,NFKB1,18.5304,wt
HTMCP-03-06-02330,NFKB1,12.0033,wt
HTMCP-03-06-02332,NFKB1,17.2456,wt
HTMCP-03-06-02333,NFKB1,24.9588,wt
HTMCP-03-06-02335,NFKB1,24.0805,wt
HTMCP-03-06-02340,NFKB1,19.1381,wt
HTMCP-03-06-02341,NFKB1,14.9959,wt
HTMCP-03-06-02344,NFKB1,13.8579,wt
HTMCP-03-06-02346,NFKB1,21.3617,wt
HTMCP-03-06-02354,NFKB1,18.6654,wt
HTMCP-03-06-02377,NFKB1,19.1461,wt
HTMCP-03-06-02392,NFKB1,15.7555,wt
HTMCP-03-06-02393,NFKB1,19.3791,wt
HTMCP-03-06-02396,NFKB1,10.3067,wt
HTMCP-03-06-02411,NFKB1,16.0834,wt
HTMCP-03-06-02414,NFKB1,6.1846,wt
HTMCP-03-06-02417,NFKB1,24.9097,wt
HTMCP-03-06-02424,NFKB1,12.8734,wt
HTMCP-03-06-02427,NFKB1,9.9673,wt
HTMCP-03-06-02428,NFKB1,15.544,wt
HTMCP-03-06-02434,NFKB1,23.3367,wt
HTMCP-03-06-02435,NFKB1,13.447,wt
HTMCP-03-06-02437,NFKB1,11.743,wt
HTMCP-03-06-02441,NFKB1,13.6395,wt
HTMCP-03-06-02442,NFKB1,18.1081,wt
HTMCP-03-06-02447,NFKB1,18.0021,wt
HTMCP-03-06-02001,NFKB2,25.324,wt
HTMCP-03-06-02002,NFKB2,11.3559,wt
HTMCP-03-06-02003,NFKB2,16.5314,wt
HTMCP-03-06-02006,NFKB2,10.4378,wt
HTMCP-03-06-02008,NFKB2,17.0621,wt
HTMCP-03-06-02012,NFKB2,21.2439,wt
HTMCP-03-06-02013,NFKB2,17.9354,wt
HTMCP-03-06-02020,NFKB2,19.1262,integrated
HTMCP-03-06-02036,NFKB2,14.5133,wt
HTMCP-03-06-02037,NFKB2,16.3607,wt
HTMCP-03-06-02040,NFKB2,16.6973,wt
HTMCP-03-06-02042,NFKB2,14.2423,wt
HTMCP-03-06-02046,NFKB2,31.2155,wt
HTMCP-03-06-02047,NFKB2,22.3231,wt
HTMCP-03-06-02054,NFKB2,15.8195,wt
HTMCP-03-06-02057,NFKB2,10.8104,wt
HTMCP-03-06-02058,NFKB2,34.6696,wt
HTMCP-03-06-02063,NFKB2,12.8264,wt
HTMCP-03-06-02068,NFKB2,16.6546,wt
HTMCP-03-06-02070,NFKB2,19.2065,wt
HTMCP-03-06-02071,NFKB2,16.9835,wt
HTMCP-03-06-02074,NFKB2,21.0002,wt
HTMCP-03-06-02075,NFKB2,13.9419,wt
HTMCP-03-06-02076,NFKB2,43.7061,wt
HTMCP-03-06-02089,NFKB2,22.5882,wt
HTMCP-03-06-02092,NFKB2,20.768,wt
HTMCP-03-06-02097,NFKB2,31.6109,wt
HTMCP-03-06-02098,NFKB2,70.5923,wt
HTMCP-03-06-02099,NFKB2,33.8961,wt
HTMCP-03-06-02103,NFKB2,23.7576,wt
HTMCP-03-06-02108,NFKB2,23.5736,wt
HTMCP-03-06-02109,NFKB2,9.8326,wt
HTMCP-03-06-02110,NFKB2,8.5763,wt
HTMCP-03-06-02113,NFKB2,15.6621,wt
HTMCP-03-06-02120,NFKB2,16.8098,wt
HTMCP-03-06-02125,NFKB2,25.3204,wt
HTMCP-03-06-02128,NFKB2,10.5244,wt
HTMCP-03-06-02139,NFKB2,17.6255,wt
HTMCP-03-06-02144,NFKB2,23.4842,wt
HTMCP-03-06-02145,NFKB2,12.5596,wt
HTMCP-03-06-02147,NFKB2,10.7969,wt
HTMCP-03-06-02148,NFKB2,6.8849,wt
HTMCP-03-06-02149,NFKB2,21.6388,wt
HTMCP-03-06-02150,NFKB2,17.313,wt
HTMCP-03-06-02151,NFKB2,7.6078,wt
HTMCP-03-06-02152,NFKB2,19.6632,wt
HTMCP-03-06-02155,NFKB2,20.2801,wt
HTMCP-03-06-02156,NFKB2,9.9269,wt
HTMCP-03-06-02170,NFKB2,33.8267,wt
HTMCP-03-06-02174,NFKB2,21.3623,wt
HTMCP-03-06-02175,NFKB2,10.4918,wt
HTMCP-03-06-02176,NFKB2,22.7539,wt
HTMCP-03-06-02179,NFKB2,11.4704,wt
HTMCP-03-06-02180,NFKB2,15.2762,wt
HTMCP-03-06-02182,NFKB2,24.4268,wt
HTMCP-03-06-02185,NFKB2,32.6141,wt
HTMCP-03-06-02194,NFKB2,13.4474,wt
HTMCP-03-06-02195,NFKB2,7.6684,wt
HTMCP-03-06-02196,NFKB2,34.934,wt
HTMCP-03-06-02197,NFKB2,46.1957,wt
HTMCP-03-06-02202,NFKB2,21.6792,wt
HTMCP-03-06-02203,NFKB2,7.4582,wt
HTMCP-03-06-02204,NFKB2,32.4417,wt
HTMCP-03-06-02205,NFKB2,10.626,wt
HTMCP-03-06-02209,NFKB2,17.1863,wt
HTMCP-03-06-02210,NFKB2,17.0346,wt
HTMCP-03-06-02213,NFKB2,14.0091,wt
HTMCP-03-06-02214,NFKB2,23.018,wt
HTMCP-03-06-02215,NFKB2,16.6653,wt
HTMCP-03-06-02216,NFKB2,51.9974,wt
HTMCP-03-06-02217,NFKB2,27.7576,wt
HTMCP-03-06-02219,NFKB2,24.9236,wt
HTMCP-03-06-02222,NFKB2,11.5512,wt
HTMCP-03-06-02225,NFKB2,13.4807,wt
HTMCP-03-06-02230,NFKB2,6.4187,wt
HTMCP-03-06-02235,NFKB2,25.5049,wt
HTMCP-03-06-02238,NFKB2,24.9515,wt
HTMCP-03-06-02239,NFKB2,38.8538,wt
HTMCP-03-06-02240,NFKB2,16.6213,wt
HTMCP-03-06-02242,NFKB2,24.5056,wt
HTMCP-03-06-02256,NFKB2,65.9402,wt
HTMCP-03-06-02259,NFKB2,27.2108,wt
HTMCP-03-06-02260,NFKB2,54.3793,wt
HTMCP-03-06-02261,NFKB2,12.1556,wt
HTMCP-03-06-02262,NFKB2,31.1875,wt
HTMCP-03-06-02264,NFKB2,43.4158,wt
HTMCP-03-06-02266,NFKB2,33.6005,wt
HTMCP-03-06-02267,NFKB2,42.4444,wt
HTMCP-03-06-02268,NFKB2,31.7164,wt
HTMCP-03-06-02320,NFKB2,46.3548,wt
HTMCP-03-06-02322,NFKB2,34.3901,wt
HTMCP-03-06-02326,NFKB2,40.715,wt
HTMCP-03-06-02328,NFKB2,31.9066,wt
HTMCP-03-06-02330,NFKB2,35.3955,wt
HTMCP-03-06-02332,NFKB2,28.9313,wt
HTMCP-03-06-02333,NFKB2,34.96,wt
HTMCP-03-06-02335,NFKB2,20.4241,wt
HTMCP-03-06-02340,NFKB2,21.5969,wt
HTMCP-03-06-02341,NFKB2,24.2161,wt
HTMCP-03-06-02344,NFKB2,25.2652,wt
HTMCP-03-06-02346,NFKB2,21.3839,wt
HTMCP-03-06-02354,NFKB2,53.9141,wt
HTMCP-03-06-02377,NFKB2,47.1772,wt
HTMCP-03-06-02392,NFKB2,41.5425,wt
HTMCP-03-06-02393,NFKB2,30.5432,wt
HTMCP-03-06-02396,NFKB2,14.0932,wt
HTMCP-03-06-02411,NFKB2,56.6425,wt
HTMCP-03-06-02414,NFKB2,10.3356,wt
HTMCP-03-06-02417,NFKB2,32.5257,wt
HTMCP-03-06-02424,NFKB2,21.6164,wt
HTMCP-03-06-02427,NFKB2,34.9443,wt
HTMCP-03-06-02428,NFKB2,12.390999999999998,wt
HTMCP-03-06-02434,NFKB2,43.3049,wt
HTMCP-03-06-02435,NFKB2,13.369000000000002,wt
HTMCP-03-06-02437,NFKB2,15.5578,wt
HTMCP-03-06-02441,NFKB2,27.9222,wt
HTMCP-03-06-02442,NFKB2,49.4812,wt
HTMCP-03-06-02447,NFKB2,29.1755,wt
HTMCP-03-06-02001,POU5F1B,0.0614,wt
HTMCP-03-06-02002,POU5F1B,0.1385,wt
HTMCP-03-06-02003,POU5F1B,0.0442,wt
HTMCP-03-06-02006,POU5F1B,0.4897,wt
HTMCP-03-06-02008,POU5F1B,0.0574,wt
HTMCP-03-06-02012,POU5F1B,0.0877,wt
HTMCP-03-06-02013,POU5F1B,0.8728,wt
HTMCP-03-06-02020,POU5F1B,0.0385,wt
HTMCP-03-06-02036,POU5F1B,0.0547,wt
HTMCP-03-06-02037,POU5F1B,0.0763,wt
HTMCP-03-06-02040,POU5F1B,0.0697,wt
HTMCP-03-06-02042,POU5F1B,0.1196,wt
HTMCP-03-06-02046,POU5F1B,0.0307,wt
HTMCP-03-06-02047,POU5F1B,0.0504,wt
HTMCP-03-06-02054,POU5F1B,0.0037,wt
HTMCP-03-06-02057,POU5F1B,0.0166,wt
HTMCP-03-06-02058,POU5F1B,0.0119,integrated
HTMCP-03-06-02063,POU5F1B,0.0362,wt
HTMCP-03-06-02068,POU5F1B,0.0611,wt
HTMCP-03-06-02070,POU5F1B,0.0965,wt
HTMCP-03-06-02071,POU5F1B,0.0146,wt
HTMCP-03-06-02074,POU5F1B,0.025,wt
HTMCP-03-06-02075,POU5F1B,0.0341,wt
HTMCP-03-06-02076,POU5F1B,0.0102,wt
HTMCP-03-06-02089,POU5F1B,0.0186,wt
HTMCP-03-06-02092,POU5F1B,0.0391,wt
HTMCP-03-06-02097,POU5F1B,0.0316,wt
HTMCP-03-06-02098,POU5F1B,0.166,wt
HTMCP-03-06-02099,POU5F1B,0.0224,wt
HTMCP-03-06-02103,POU5F1B,0.0165,wt
HTMCP-03-06-02108,POU5F1B,0.0357,wt
HTMCP-03-06-02109,POU5F1B,0.0236,wt
HTMCP-03-06-02110,POU5F1B,0.0102,integrated
HTMCP-03-06-02113,POU5F1B,0.0154,wt
HTMCP-03-06-02120,POU5F1B,0.0849,wt
HTMCP-03-06-02125,POU5F1B,0.0266,wt
HTMCP-03-06-02128,POU5F1B,0.0235,wt
HTMCP-03-06-02139,POU5F1B,0.0016,wt
HTMCP-03-06-02144,POU5F1B,0.0393,wt
HTMCP-03-06-02145,POU5F1B,0.0089,wt
HTMCP-03-06-02147,POU5F1B,0.0427,wt
HTMCP-03-06-02148,POU5F1B,0.0602,wt
HTMCP-03-06-02149,POU5F1B,0.0142,wt
HTMCP-03-06-02150,POU5F1B,0.0091,wt
HTMCP-03-06-02151,POU5F1B,0.0497,wt
HTMCP-03-06-02152,POU5F1B,0.0847,wt
HTMCP-03-06-02155,POU5F1B,0.196,wt
HTMCP-03-06-02156,POU5F1B,0.0225,wt
HTMCP-03-06-02170,POU5F1B,0.0228,wt
HTMCP-03-06-02174,POU5F1B,0.0217,wt
HTMCP-03-06-02175,POU5F1B,0.0255,wt
HTMCP-03-06-02176,POU5F1B,0.0331,wt
HTMCP-03-06-02179,POU5F1B,0.0138,wt
HTMCP-03-06-02180,POU5F1B,0.0286,wt
HTMCP-03-06-02182,POU5F1B,0.0099,wt
HTMCP-03-06-02185,POU5F1B,0.0,wt
HTMCP-03-06-02194,POU5F1B,0.0182,wt
HTMCP-03-06-02195,POU5F1B,0.041,wt
HTMCP-03-06-02196,POU5F1B,0.0064,wt
HTMCP-03-06-02197,POU5F1B,0.033,wt
HTMCP-03-06-02202,POU5F1B,0.1287,wt
HTMCP-03-06-02203,POU5F1B,0.0422,wt
HTMCP-03-06-02204,POU5F1B,0.0324,wt
HTMCP-03-06-02205,POU5F1B,0.0503,wt
HTMCP-03-06-02209,POU5F1B,0.0102,wt
HTMCP-03-06-02210,POU5F1B,0.0738,wt
HTMCP-03-06-02213,POU5F1B,0.052000000000000005,wt
HTMCP-03-06-02214,POU5F1B,0.2332,wt
HTMCP-03-06-02215,POU5F1B,0.0607,wt
HTMCP-03-06-02216,POU5F1B,0.0141,wt
HTMCP-03-06-02217,POU5F1B,0.2262,wt
HTMCP-03-06-02219,POU5F1B,0.0204,wt
HTMCP-03-06-02222,POU5F1B,0.0549,wt
HTMCP-03-06-02225,POU5F1B,0.0566,wt
HTMCP-03-06-02230,POU5F1B,0.1161,wt
HTMCP-03-06-02235,POU5F1B,0.0161,wt
HTMCP-03-06-02238,POU5F1B,0.0154,wt
HTMCP-03-06-02239,POU5F1B,0.0089,wt
HTMCP-03-06-02240,POU5F1B,0.1321,wt
HTMCP-03-06-02242,POU5F1B,0.0176,wt
HTMCP-03-06-02256,POU5F1B,0.0115,wt
HTMCP-03-06-02259,POU5F1B,0.0267,wt
HTMCP-03-06-02260,POU5F1B,0.0226,wt
HTMCP-03-06-02261,POU5F1B,0.0438,wt
HTMCP-03-06-02262,POU5F1B,0.0677,wt
HTMCP-03-06-02264,POU5F1B,0.0325,wt
HTMCP-03-06-02266,POU5F1B,0.3529,wt
HTMCP-03-06-02267,POU5F1B,0.0262,integrated
HTMCP-03-06-02268,POU5F1B,0.0455,wt
HTMCP-03-06-02320,POU5F1B,0.0371,wt
HTMCP-03-06-02322,POU5F1B,0.0317,wt
HTMCP-03-06-02326,POU5F1B,0.0297,wt
HTMCP-03-06-02328,POU5F1B,0.0285,wt
HTMCP-03-06-02330,POU5F1B,0.0209,wt
HTMCP-03-06-02332,POU5F1B,0.0361,wt
HTMCP-03-06-02333,POU5F1B,0.0816,wt
HTMCP-03-06-02335,POU5F1B,0.0641,wt
HTMCP-03-06-02340,POU5F1B,0.0224,wt
HTMCP-03-06-02341,POU5F1B,0.0509,wt
HTMCP-03-06-02344,POU5F1B,0.014,wt
HTMCP-03-06-02346,POU5F1B,0.0284,wt
HTMCP-03-06-02354,POU5F1B,0.01,wt
HTMCP-03-06-02377,POU5F1B,0.0119,wt
HTMCP-03-06-02392,POU5F1B,0.0037,wt
HTMCP-03-06-02393,POU5F1B,0.217,wt
HTMCP-03-06-02396,POU5F1B,0.0365,wt
HTMCP-03-06-02411,POU5F1B,0.062,wt
HTMCP-03-06-02414,POU5F1B,0.0448,wt
HTMCP-03-06-02417,POU5F1B,0.0686,wt
HTMCP-03-06-02424,POU5F1B,0.0591,wt
HTMCP-03-06-02427,POU5F1B,0.0441,wt
HTMCP-03-06-02428,POU5F1B,1.6372,wt
HTMCP-03-06-02434,POU5F1B,0.0234,wt
HTMCP-03-06-02435,POU5F1B,0.0632,wt
HTMCP-03-06-02437,POU5F1B,0.0261,wt
HTMCP-03-06-02441,POU5F1B,0.0676,wt
HTMCP-03-06-02442,POU5F1B,0.0194,wt
HTMCP-03-06-02447,POU5F1B,0.0224,wt
HTMCP-03-06-02001,SCAF11,8.1612,wt
HTMCP-03-06-02002,SCAF11,8.6626,wt
HTMCP-03-06-02003,SCAF11,10.6095,wt
HTMCP-03-06-02006,SCAF11,17.5457,integrated
HTMCP-03-06-02008,SCAF11,9.8895,wt
HTMCP-03-06-02012,SCAF11,7.7069,wt
HTMCP-03-06-02013,SCAF11,9.0705,wt
HTMCP-03-06-02020,SCAF11,11.6783,wt
HTMCP-03-06-02036,SCAF11,11.6606,wt
HTMCP-03-06-02037,SCAF11,9.9449,wt
HTMCP-03-06-02040,SCAF11,13.0205,wt
HTMCP-03-06-02042,SCAF11,9.554,wt
HTMCP-03-06-02046,SCAF11,12.4027,wt
HTMCP-03-06-02047,SCAF11,7.7973,wt
HTMCP-03-06-02054,SCAF11,6.942,wt
HTMCP-03-06-02057,SCAF11,6.9804,wt
HTMCP-03-06-02058,SCAF11,11.8305,wt
HTMCP-03-06-02063,SCAF11,11.3183,wt
HTMCP-03-06-02068,SCAF11,10.6327,wt
HTMCP-03-06-02070,SCAF11,12.8989,wt
HTMCP-03-06-02071,SCAF11,12.626,wt
HTMCP-03-06-02074,SCAF11,9.6597,wt
HTMCP-03-06-02075,SCAF11,6.8097,wt
HTMCP-03-06-02076,SCAF11,7.7282,wt
HTMCP-03-06-02089,SCAF11,9.6447,wt
HTMCP-03-06-02092,SCAF11,14.6886,wt
HTMCP-03-06-02097,SCAF11,10.4457,wt
HTMCP-03-06-02098,SCAF11,13.0335,wt
HTMCP-03-06-02099,SCAF11,8.6666,wt
HTMCP-03-06-02103,SCAF11,7.2593,wt
HTMCP-03-06-02108,SCAF11,9.7217,wt
HTMCP-03-06-02109,SCAF11,14.7047,wt
HTMCP-03-06-02110,SCAF11,13.0798,wt
HTMCP-03-06-02113,SCAF11,11.7976,wt
HTMCP-03-06-02120,SCAF11,13.1697,wt
HTMCP-03-06-02125,SCAF11,11.2507,wt
HTMCP-03-06-02128,SCAF11,11.4463,wt
HTMCP-03-06-02139,SCAF11,9.9692,wt
HTMCP-03-06-02144,SCAF11,13.1109,wt
HTMCP-03-06-02145,SCAF11,13.2213,wt
HTMCP-03-06-02147,SCAF11,6.8499,wt
HTMCP-03-06-02148,SCAF11,9.2147,wt
HTMCP-03-06-02149,SCAF11,7.9478,wt
HTMCP-03-06-02150,SCAF11,9.4566,wt
HTMCP-03-06-02151,SCAF11,8.0211,wt
HTMCP-03-06-02152,SCAF11,9.6748,wt
HTMCP-03-06-02155,SCAF11,8.6587,wt
HTMCP-03-06-02156,SCAF11,8.4103,wt
HTMCP-03-06-02170,SCAF11,10.6185,wt
HTMCP-03-06-02174,SCAF11,9.9861,wt
HTMCP-03-06-02175,SCAF11,6.3586,wt
HTMCP-03-06-02176,SCAF11,11.4084,wt
HTMCP-03-06-02179,SCAF11,10.7574,wt
HTMCP-03-06-02180,SCAF11,9.1793,wt
HTMCP-03-06-02182,SCAF11,8.6139,wt
HTMCP-03-06-02185,SCAF11,8.186,wt
HTMCP-03-06-02194,SCAF11,7.7456,wt
HTMCP-03-06-02195,SCAF11,6.7321,wt
HTMCP-03-06-02196,SCAF11,9.7899,wt
HTMCP-03-06-02197,SCAF11,12.4333,wt
HTMCP-03-06-02202,SCAF11,9.7095,wt
HTMCP-03-06-02203,SCAF11,4.2195,wt
HTMCP-03-06-02204,SCAF11,11.4118,wt
HTMCP-03-06-02205,SCAF11,6.1164,wt
HTMCP-03-06-02209,SCAF11,6.1093,wt
HTMCP-03-06-02210,SCAF11,6.0195,wt
HTMCP-03-06-02213,SCAF11,8.1107,wt
HTMCP-03-06-02214,SCAF11,5.3826,wt
HTMCP-03-06-02215,SCAF11,13.275,wt
HTMCP-03-06-02216,SCAF11,5.7036,wt
HTMCP-03-06-02217,SCAF11,10.534,wt
HTMCP-03-06-02219,SCAF11,6.3191,wt
HTMCP-03-06-02222,SCAF11,12.3389,wt
HTMCP-03-06-02225,SCAF11,7.2434,wt
HTMCP-03-06-02230,SCAF11,9.7456,wt
HTMCP-03-06-02235,SCAF11,5.8542,wt
HTMCP-03-06-02238,SCAF11,9.192,wt
HTMCP-03-06-02239,SCAF11,8.3421,wt
HTMCP-03-06-02240,SCAF11,7.8207,wt
HTMCP-03-06-02242,SCAF11,9.6523,wt
HTMCP-03-06-02256,SCAF11,9.9389,wt
HTMCP-03-06-02259,SCAF11,11.1005,wt
HTMCP-03-06-02260,SCAF11,7.222,wt
HTMCP-03-06-02261,SCAF11,8.5831,wt
HTMCP-03-06-02262,SCAF11,9.8488,wt
HTMCP-03-06-02264,SCAF11,5.6336,wt
HTMCP-03-06-02266,SCAF11,16.0184,wt
HTMCP-03-06-02267,SCAF11,8.1264,wt
HTMCP-03-06-02268,SCAF11,8.5827,wt
HTMCP-03-06-02320,SCAF11,7.4327,wt
HTMCP-03-06-02322,SCAF11,7.2010000000000005,wt
HTMCP-03-06-02326,SCAF11,9.619,wt
HTMCP-03-06-02328,SCAF11,9.9763,wt
HTMCP-03-06-02330,SCAF11,6.9703,wt
HTMCP-03-06-02332,SCAF11,8.2333,wt
HTMCP-03-06-02333,SCAF11,7.2908,wt
HTMCP-03-06-02335,SCAF11,8.9212,wt
HTMCP-03-06-02340,SCAF11,7.0595,wt
HTMCP-03-06-02341,SCAF11,8.6709,wt
HTMCP-03-06-02344,SCAF11,7.8477,wt
HTMCP-03-06-02346,SCAF11,6.7256,wt
HTMCP-03-06-02354,SCAF11,8.1595,wt
HTMCP-03-06-02377,SCAF11,9.8791,wt
HTMCP-03-06-02392,SCAF11,9.1102,wt
HTMCP-03-06-02393,SCAF11,3.8422,wt
HTMCP-03-06-02396,SCAF11,6.9154,wt
HTMCP-03-06-02411,SCAF11,6.6411,wt
HTMCP-03-06-02414,SCAF11,7.5367,wt
HTMCP-03-06-02417,SCAF11,8.0652,wt
HTMCP-03-06-02424,SCAF11,4.5904,wt
HTMCP-03-06-02427,SCAF11,7.3652,wt
HTMCP-03-06-02428,SCAF11,12.2561,wt
HTMCP-03-06-02434,SCAF11,11.743,wt
HTMCP-03-06-02435,SCAF11,10.665,wt
HTMCP-03-06-02437,SCAF11,8.9437,wt
HTMCP-03-06-02441,SCAF11,7.7611,wt
HTMCP-03-06-02442,SCAF11,6.1294,wt
HTMCP-03-06-02447,SCAF11,13.2269,wt
HTMCP-03-06-02001,STK11,7.7324,wt
HTMCP-03-06-02002,STK11,3.7501,wt
HTMCP-03-06-02003,STK11,4.8476,wt
HTMCP-03-06-02006,STK11,10.8022,wt
HTMCP-03-06-02008,STK11,6.268,wt
HTMCP-03-06-02012,STK11,6.6824,wt
HTMCP-03-06-02013,STK11,10.355,wt
HTMCP-03-06-02020,STK11,6.9892,wt
HTMCP-03-06-02036,STK11,7.3519,wt
HTMCP-03-06-02037,STK11,0.9976,wt
HTMCP-03-06-02040,STK11,5.1958,wt
HTMCP-03-06-02042,STK11,10.3195,wt
HTMCP-03-06-02046,STK11,26.917,integrated
HTMCP-03-06-02047,STK11,9.4374,wt
HTMCP-03-06-02054,STK11,6.8346,wt
HTMCP-03-06-02057,STK11,5.6644,wt
HTMCP-03-06-02058,STK11,5.6457,wt
HTMCP-03-06-02063,STK11,9.7473,wt
HTMCP-03-06-02068,STK11,7.1472,wt
HTMCP-03-06-02070,STK11,9.8336,wt
HTMCP-03-06-02071,STK11,9.061,wt
HTMCP-03-06-02074,STK11,7.5084,wt
HTMCP-03-06-02075,STK11,3.2056,wt
HTMCP-03-06-02076,STK11,4.1549,wt
HTMCP-03-06-02089,STK11,7.0702,wt
HTMCP-03-06-02092,STK11,6.5703,wt
HTMCP-03-06-02097,STK11,2.5033,wt
HTMCP-03-06-02098,STK11,8.1022,wt
HTMCP-03-06-02099,STK11,1.843,wt
HTMCP-03-06-02103,STK11,6.3811,wt
HTMCP-03-06-02108,STK11,2.4306,wt
HTMCP-03-06-02109,STK11,7.6891,wt
HTMCP-03-06-02110,STK11,5.9612,wt
HTMCP-03-06-02113,STK11,4.6575,wt
HTMCP-03-06-02120,STK11,4.6324,wt
HTMCP-03-06-02125,STK11,2.9723,wt
HTMCP-03-06-02128,STK11,7.1631,wt
HTMCP-03-06-02139,STK11,5.2343,wt
HTMCP-03-06-02144,STK11,7.3439999999999985,wt
HTMCP-03-06-02145,STK11,3.7431,wt
HTMCP-03-06-02147,STK11,12.2283,wt
HTMCP-03-06-02148,STK11,7.0584,wt
HTMCP-03-06-02149,STK11,2.7447,wt
HTMCP-03-06-02150,STK11,17.1284,wt
HTMCP-03-06-02151,STK11,4.3496,wt
HTMCP-03-06-02152,STK11,4.1344,wt
HTMCP-03-06-02155,STK11,4.816,wt
HTMCP-03-06-02156,STK11,0.4334,wt
HTMCP-03-06-02170,STK11,4.3494,wt
HTMCP-03-06-02174,STK11,5.386,wt
HTMCP-03-06-02175,STK11,3.0457,wt
HTMCP-03-06-02176,STK11,3.6215,wt
HTMCP-03-06-02179,STK11,3.7398,wt
HTMCP-03-06-02180,STK11,4.2646,wt
HTMCP-03-06-02182,STK11,17.0934,wt
HTMCP-03-06-02185,STK11,2.1653,wt
HTMCP-03-06-02194,STK11,4.9285,wt
HTMCP-03-06-02195,STK11,4.887,wt
HTMCP-03-06-02196,STK11,7.1831,wt
HTMCP-03-06-02197,STK11,7.174,wt
HTMCP-03-06-02202,STK11,7.0136,wt
HTMCP-03-06-02203,STK11,3.1704,wt
HTMCP-03-06-02204,STK11,6.3749,wt
HTMCP-03-06-02205,STK11,4.1789,wt
HTMCP-03-06-02209,STK11,6.0236,wt
HTMCP-03-06-02210,STK11,5.3041,wt
HTMCP-03-06-02213,STK11,5.2965,wt
HTMCP-03-06-02214,STK11,6.0852,wt
HTMCP-03-06-02215,STK11,6.7010000000000005,wt
HTMCP-03-06-02216,STK11,1.1753,wt
HTMCP-03-06-02217,STK11,4.6948,wt
HTMCP-03-06-02219,STK11,4.3463,wt
HTMCP-03-06-02222,STK11,7.6078,wt
HTMCP-03-06-02225,STK11,5.7412,wt
HTMCP-03-06-02230,STK11,6.6293,wt
HTMCP-03-06-02235,STK11,5.7249,wt
HTMCP-03-06-02238,STK11,6.9282,wt
HTMCP-03-06-02239,STK11,0.4834,wt
HTMCP-03-06-02240,STK11,7.9707,wt
HTMCP-03-06-02242,STK11,4.6979,wt
HTMCP-03-06-02256,STK11,8.3144,wt
HTMCP-03-06-02259,STK11,9.1851,wt
HTMCP-03-06-02260,STK11,11.1848,wt
HTMCP-03-06-02261,STK11,5.1459,wt
HTMCP-03-06-02262,STK11,9.7177,wt
HTMCP-03-06-02264,STK11,19.3426,wt
HTMCP-03-06-02266,STK11,8.9736,wt
HTMCP-03-06-02267,STK11,8.6276,wt
HTMCP-03-06-02268,STK11,8.5613,wt
HTMCP-03-06-02320,STK11,8.9623,wt
HTMCP-03-06-02322,STK11,7.3792,wt
HTMCP-03-06-02326,STK11,1.259,wt
HTMCP-03-06-02328,STK11,8.7339,wt
HTMCP-03-06-02330,STK11,5.6663,wt
HTMCP-03-06-02332,STK11,8.6543,wt
HTMCP-03-06-02333,STK11,9.4481,wt
HTMCP-03-06-02335,STK11,6.8892,wt
HTMCP-03-06-02340,STK11,5.8057,wt
HTMCP-03-06-02341,STK11,5.5229,wt
HTMCP-03-06-02344,STK11,6.1466,wt
HTMCP-03-06-02346,STK11,1.7702,wt
HTMCP-03-06-02354,STK11,1.5074,wt
HTMCP-03-06-02377,STK11,3.3396,wt
HTMCP-03-06-02392,STK11,8.504,wt
HTMCP-03-06-02393,STK11,12.5885,wt
HTMCP-03-06-02396,STK11,4.9097,wt
HTMCP-03-06-02411,STK11,10.0636,wt
HTMCP-03-06-02414,STK11,6.2405,wt
HTMCP-03-06-02417,STK11,10.0551,wt
HTMCP-03-06-02424,STK11,9.0745,wt
HTMCP-03-06-02427,STK11,4.724,wt
HTMCP-03-06-02428,STK11,9.3287,wt
HTMCP-03-06-02434,STK11,0.6321,wt
HTMCP-03-06-02435,STK11,2.8872,wt
HTMCP-03-06-02437,STK11,7.9551,wt
HTMCP-03-06-02441,STK11,5.0829,wt
HTMCP-03-06-02442,STK11,3.2507,wt
HTMCP-03-06-02447,STK11,8.6195,wt
